Workbook

Sheet Project Instructions
A1: PR. 2 Analyzer
A2: Topics: - Conditional Formatting - WHAT IF Analysis - Linear Regression (Using Data Analysis Toolpak) - Data Analysis Feature (Descriptive Stats, Regression, Histogram) - Data Storytelling - Add Symbols or Arrows in Custom Formatting - Create Timestamp - Find High-Value Customers using Groupby(), index(), and match() combination - Advanced Descriptive Analytics - Pivot Table with Dashboard - Creating bar charts - Creating line charts - Creating pie charts Main Tasks: 1. Apply conditional formatting to highlight top 10 customers based on total purchase. 2. Perform WHAT IF Analysis to see impact of changing discount on total profit. 3. Use Data Analysis Toolpak to run Linear Regression (Profit vs Sales). 4. Use 'Descriptive Statistics' from Analysis Toolpak on the dataset. 5. Add up/down arrows on monthly sales growth. 6. Create a timestamp column using NOW(). 7. Identify high-value customers using index(), match(), and filters. 8. Create Pivot Table to analyze total sales by region and product. 9. Create bar, line, and pie charts to visualize KPIs. 10. Summarize insights using a dashboard. Deliverable: Complete the given worksheet by applying the required formulas in respective sheets.

Sheet Dashboard
J19: Top 5 customers
J20: =INDEX(Dataset!$K$2:$K$28,MATCH(LARGE(Dataset!$L$2:$L$28,ROWS(H$2:$M20)),Dataset!$L$2:$L$28,0)) -> David Anderson
J21: =INDEX(Dataset!$K$2:$K$28,MATCH(LARGE(Dataset!$L$2:$L$28,ROWS(H$2:$M21)),Dataset!$L$2:$L$28,0)) -> Mary Wilson
J22: =INDEX(Dataset!$K$2:$K$28,MATCH(LARGE(Dataset!$L$2:$L$28,ROWS(H$2:$M22)),Dataset!$L$2:$L$28,0)) -> Emma Taylor
J23: =INDEX(Dataset!$K$2:$K$28,MATCH(LARGE(Dataset!$L$2:$L$28,ROWS(H$2:$M23)),Dataset!$L$2:$L$28,0)) -> Linda Jackson
J24: =INDEX(Dataset!$K$2:$K$28,MATCH(LARGE(Dataset!$L$2:$L$28,ROWS(H$2:$M24)),Dataset!$L$2:$L$28,0)) -> David Davis

Sheet Descriptive-analysis
A1: Column1 | B1: Column2 | C1: Column1 | D1: Column2 | E1: Column1 | F1: Column2
A2: Sales | C2: Quantity | E2: Discount
A4: Mean | B4: 976.0888 | C4: Mean | D4: 9.995 | E4: Mean | F4: 0.09725
A5: Standard Error | B5: 21.16185 | C5: Standard Error | D5: 0.39927683 | E5: Standard Error | F5: 0.0051142414
A6: Median | B6: 976.72 | C6: Median | D6: 10 | E6: Median | F6: 0.1
A7: Mode | B7: #N/A | C7: Mode | D7: 8 | E7: Mode | F7: 0.2
A8: Standard Deviation | B8: 299.27376 | C8: Standard Deviation | D8: 5.646627 | E8: Standard Deviation | F8: 0.072326295
A9: Sample Variance | B9: 89564.783 | C9: Sample Variance | D9: 31.884397 | E9: Sample Variance | F9: 0.005231093
A10: Kurtosis | B10: -0.088595232 | C10: Kurtosis | D10: -1.2091054 | E10: Kurtosis | F10: -1.3257012
A11: Skewness | B11: 0.14685797 | C11: Skewness | D11: 0.060845864 | E11: Skewness | F11: 0.096827386
A12: Range | B12: 1665.15 | C12: Range | D12: 18 | E12: Range | F12: 0.2
A13: Minimum | B13: 258.51 | C13: Minimum | D13: 1 | E13: Minimum | F13: 0
A14: Maximum | B14: 1923.66 | C14: Maximum | D14: 19 | E14: Maximum | F14: 0.2
A15: Sum | B15: 195217.76 | C15: Sum | D15: 1999 | E15: Sum | F15: 19.45
A16: Count | B16: 200 | C16: Count | D16: 200 | E16: Count | F16: 200
A17: Largest(1) | B17: 1923.66 | C17: Largest(1) | D17: 19 | E17: Largest(1) | F17: 0.2
A18: Smallest(1) | B18: 258.51 | C18: Smallest(1) | D18: 1 | E18: Smallest(1) | F18: 0
A19: Confidence Level(95.0%) | B19: 41.730249 | C19: Confidence Level(95.0%) | D19: 0.78735655 | E19: Confidence Level(95.0%) | F19: 0.010085062
B22: Sum of Sales | C22: Column Labels
B23: Row Labels | C23: Central | D23: East | E23: North | F23: South | G23: West | H23: Grand Total
B24: Books | C24: 11297.15 | D24: 11389.09 | E24: 8037.01 | F24: 9588.04 | G24: 6691.17 | H24: 47002.46
B25: Clothing | C25: 12200.26 | D25: 2401.45 | E25: 8422.82 | F25: 8393.63 | G25: 10509.43 | H25: 41927.59
B26: Electronics | C26: 6621.24 | D26: 2869.54 | E26: 8191.71 | F26: 11989.07 | G26: 11372.44 | H26: 41044
B27: Furniture | C27: 4876.96 | D27: 7592.34 | E27: 6978.08 | F27: 7982.73 | G27: 9182.78 | H27: 36612.89
B28: Office Supplies | C28: 8472.72 | D28: 8189.22 | E28: 3345.8 | F28: 2295.32 | G28: 6327.76 | H28: 28630.82
B29: Grand Total | C29: 43468.33 | D29: 32441.64 | E29: 34975.42 | F29: 40248.79 | G29: 44083.58 | H29: 195217.76

Sheet Dataset
A1: Customer_ID | B1: Customer_Name | C1: Region | D1: Product_Category | E1: Sales | F1: Quantity | G1: Discount | H1: Order_Date | I1: Profit | K1: Unique_customer | L1: Total_sales per Customer | M1: Rank per Customer | N1: discount | O1: predicted_profit
A2: CUST019 | B2: James Davis | C2: West | D2: Books | E2: 1036.09 | F2: 4 | G2: 0.2 | H2: 45392 | I2: =Table2[[#This Row],[Sales]]*(1-Table2[[#This Row],[Discount]]) -> 828.872 | K2: James Davis | L2: =SUMIF($B$2:$B$201,K2,$E$2:$E$201) -> 6255.7 | M2: =_xlfn.RANK.EQ(L2,$L$2:$L$28) -> 15 | N2: 0.15 | O2: =O11 -> 165935.1
A3: CUST012 | B3: Robert Anderson | C3: West | D3: Clothing | E3: 1101.28 | F3: 3 | G3: 0.2 | H3: 45393 | I3: =Table2[[#This Row],[Sales]]*(1-Table2[[#This Row],[Discount]]) -> 881.024 | K3: Robert Anderson | L3: =SUMIF($B$2:$B$201,K3,$E$2:$E$201) -> 8331.85 | M3: =_xlfn.RANK.EQ(L3,$L$2:$L$28) -> 8 | N3: 0.2 | O3: 156174.21
A4: CUST017 | B4: James Taylor | C4: East | D4: Books | E4: 713.34 | F4: 17 | G4: 0 | H4: 45396 | I4: =Table2[[#This Row],[Sales]]*(1-Table2[[#This Row],[Discount]]) -> 713.34 | K4: James Taylor | L4: =SUMIF($B$2:$B$201,K4,$E$2:$E$201) -> 5615.28 | M4: =_xlfn.RANK.EQ(L4,$L$2:$L$28) -> 18 | N4: 0.25 | O4: 146413.32
A5: CUST005 | B5: Robert Anderson | C5: South | D5: Electronics | E5: 760.93 | F5: 4 | G5: 0.15 | H5: 45396 | I5: =Table2[[#This Row],[Sales]]*(1-Table2[[#This Row],[Discount]]) -> 646.7905 | K5: James Wilson | L5: =SUMIF($B$2:$B$201,K5,$E$2:$E$201) -> 20774.74 | M5: =_xlfn.RANK.EQ(L5,$L$2:$L$28) -> 1 | N5: 0.3 | O5: 136652.43
A6: CUST030 | B6: James Wilson | C6: North | D6: Books | E6: 847 | F6: 12 | G6: 0.2 | H6: 45397 | I6: =Table2[[#This Row],[Sales]]*(1-Table2[[#This Row],[Discount]]) -> 677.6 | K6: Michael Anderson | L6: =SUMIF($B$2:$B$201,K6,$E$2:$E$201) -> 7881.9 | M6: =_xlfn.RANK.EQ(L6,$L$2:$L$28) -> 10
A7: CUST007 | B7: Michael Anderson | C7: North | D7: Furniture | E7: 965.64 | F7: 8 | G7: 0.1 | H7: 45398 | I7: =Table2[[#This Row],[Sales]]*(1-Table2[[#This Row],[Discount]]) -> 869.076 | K7: Linda Wilson | L7: =SUMIF($B$2:$B$201,K7,$E$2:$E$201) -> 9970.2 | M7: =_xlfn.RANK.EQ(L7,$L$2:$L$28) -> 5 | N7: sales | O7: =SUM(Table2[Sales]) -> 195217.76
A8: CUST001 | B8: Linda Wilson | C8: West | D8: Electronics | E8: 1317.53 | F8: 12 | G8: 0.05 | H8: 45398 | I8: =Table2[[#This Row],[Sales]]*(1-Table2[[#This Row],[Discount]]) -> 1251.6535 | K8: Mary Davis | L8: =SUMIF($B$2:$B$201,K8,$E$2:$E$201) -> 17143.29 | M8: =_xlfn.RANK.EQ(L8,$L$2:$L$28) -> 2 | N8: discount | O8: 0.15
A9: CUST026 | B9: Mary Davis | C9: East | D9: Furniture | E9: 1074.47 | F9: 6 | G9: 0.2 | H9: 45401 | I9: =Table2[[#This Row],[Sales]]*(1-Table2[[#This Row],[Discount]]) -> 859.576 | K9: Linda Jackson | L9: =SUMIF($B$2:$B$201,K9,$E$2:$E$201) -> 3968.59 | M9: =_xlfn.RANK.EQ(L9,$L$2:$L$28) -> 22
A10: CUST009 | B10: Linda Jackson | C10: Central | D10: Books | E10: 501.54 | F10: 11 | G10: 0.05 | H10: 45401 | I10: =Table2[[#This Row],[Sales]]*(1-Table2[[#This Row],[Discount]]) -> 476.463 | K10: David Thomas | L10: =SUMIF($B$2:$B$201,K10,$E$2:$E$201) -> 7020.38 | M10: =_xlfn.RANK.EQ(L10,$L$2:$L$28) -> 14
A11: CUST010 | B11: David Thomas | C11: Central | D11: Clothing | E11: 737.31 | F11: 2 | G11: 0.05 | H11: 45401 | I11: =Table2[[#This Row],[Sales]]*(1-Table2[[#This Row],[Discount]]) -> 700.4445 | K11: Emma Davis | L11: =SUMIF($B$2:$B$201,K11,$E$2:$E$201) -> 11398.32 | M11: =_xlfn.RANK.EQ(L11,$L$2:$L$28) -> 4 | N11: PROFIT | O11: =O7*(1-O8) -> 165935.1
A12: CUST014 | B12: Emma Davis | C12: West | D12: Office Supplies | E12: 1572.82 | F12: 6 | G12: 0.05 | H12: 45402 | I12: =Table2[[#This Row],[Sales]]*(1-Table2[[#This Row],[Discount]]) -> 1494.179 | K12: David Smith | L12: =SUMIF($B$2:$B$201,K12,$E$2:$E$201) -> 1672.88 | M12: =_xlfn.RANK.EQ(L12,$L$2:$L$28) -> 25
A13: CUST014 | B13: David Thomas | C13: Central | D13: Books | E13: 1343.13 | F13: 14 | G13: 0.15 | H13: 45404 | I13: =Table2[[#This Row],[Sales]]*(1-Table2[[#This Row],[Discount]]) -> 1141.6605 | K13: Sarah Anderson | L13: =SUMIF($B$2:$B$201,K13,$E$2:$E$201) -> 7296.19 | M13: =_xlfn.RANK.EQ(L13,$L$2:$L$28) -> 12
A14: CUST007 | B14: Michael Anderson | C14: Central | D14: Books | E14: 1191.58 | F14: 14 | G14: 0.05 | H14: 45406 | I14: =Table2[[#This Row],[Sales]]*(1-Table2[[#This Row],[Discount]]) -> 1132.001 | K14: Lisa Thomas | L14: =SUMIF($B$2:$B$201,K14,$E$2:$E$201) -> 8635.95 | M14: =_xlfn.RANK.EQ(L14,$L$2:$L$28) -> 6
A15: CUST023 | B15: Robert Anderson | C15: West | D15: Furniture | E15: 822.28 | F15: 7 | G15: 0.05 | H15: 45406 | I15: =Table2[[#This Row],[Sales]]*(1-Table2[[#This Row],[Discount]]) -> 781.166 | K15: Mary Jackson | L15: =SUMIF($B$2:$B$201,K15,$E$2:$E$201) -> 7251.18 | M15: =_xlfn.RANK.EQ(L15,$L$2:$L$28) -> 13
A16: CUST029 | B16: David Smith | C16: North | D16: Furniture | E16: 521.67 | F16: 15 | G16: 0.15 | H16: 45409 | I16: =Table2[[#This Row],[Sales]]*(1-Table2[[#This Row],[Discount]]) -> 443.4195 | K16: Lisa Davis | L16: =SUMIF($B$2:$B$201,K16,$E$2:$E$201) -> 8090.12 | M16: =_xlfn.RANK.EQ(L16,$L$2:$L$28) -> 9
A17: CUST005 | B17: Sarah Anderson | C17: South | D17: Electronics | E17: 1502.93 | F17: 14 | G17: 0.2 | H17: 45410 | I17: =Table2[[#This Row],[Sales]]*(1-Table2[[#This Row],[Discount]]) -> 1202.344 | K17: Linda Brown | L17: =SUMIF($B$2:$B$201,K17,$E$2:$E$201) -> 5801.29 | M17: =_xlfn.RANK.EQ(L17,$L$2:$L$28) -> 16
A18: CUST008 | B18: Robert Anderson | C18: South | D18: Books | E18: 877.58 | F18: 10 | G18: 0.15 | H18: 45411 | I18: =Table2[[#This Row],[Sales]]*(1-Table2[[#This Row],[Discount]]) -> 745.943 | K18: John Brown | L18: =SUMIF($B$2:$B$201,K18,$E$2:$E$201) -> 1450.99 | M18: =_xlfn.RANK.EQ(L18,$L$2:$L$28) -> 26
A19: CUST001 | B19: Lisa Thomas | C19: West | D19: Books | E19: 636.7 | F19: 4 | G19: 0.2 | H19: 45411 | I19: =Table2[[#This Row],[Sales]]*(1-Table2[[#This Row],[Discount]]) -> 509.36 | K19: Linda Taylor | L19: =SUMIF($B$2:$B$201,K19,$E$2:$E$201) -> 7522.77 | M19: =_xlfn.RANK.EQ(L19,$L$2:$L$28) -> 11
A20: CUST006 | B20: Mary Jackson | C20: West | D20: Books | E20: 1506.14 | F20: 13 | G20: 0.2 | H20: 45412 | I20: =Table2[[#This Row],[Sales]]*(1-Table2[[#This Row],[Discount]]) -> 1204.912 | K20: David Brown | L20: =SUMIF($B$2:$B$201,K20,$E$2:$E$201) -> 11915.83 | M20: =_xlfn.RANK.EQ(L20,$L$2:$L$28) -> 3
A21: CUST026 | B21: Mary Davis | C21: Central | D21: Electronics | E21: 645.02 | F21: 4 | G21: 0 | H21: 45414 | I21: =Table2[[#This Row],[Sales]]*(1-Table2[[#This Row],[Discount]]) -> 645.02 | K21: David Davis | L21: =SUMIF($B$2:$B$201,K21,$E$2:$E$201) -> 3819.14 | M21: =_xlfn.RANK.EQ(L21,$L$2:$L$28) -> 23
A22: CUST007 | B22: Lisa Davis | C22: South | D22: Clothing | E22: 953.3 | F22: 11 | G22: 0 | H22: 45415 | I22: =Table2[[#This Row],[Sales]]*(1-Table2[[#This Row],[Discount]]) -> 953.3 | K22: Mary Wilson | L22: =SUMIF($B$2:$B$201,K22,$E$2:$E$201) -> 5443.34 | M22: =_xlfn.RANK.EQ(L22,$L$2:$L$28) -> 20
A23: CUST022 | B23: Robert Anderson | C23: North | D23: Electronics | E23: 388.56 | F23: 14 | G23: 0.15 | H23: 45416 | I23: =Table2[[#This Row],[Sales]]*(1-Table2[[#This Row],[Discount]]) -> 330.276 | K23: Emma Wilson | L23: =SUMIF($B$2:$B$201,K23,$E$2:$E$201) -> 8543.97 | M23: =_xlfn.RANK.EQ(L23,$L$2:$L$28) -> 7
... A28: CUST030 | B28: John Brown | C28: North | D28: Furniture | E28: 675.54 | F28: 17 | G28: 0 | H28: 45420 | I28: =Table2[[#This Row],[Sales]]*(1-Table2[[#This Row],[Discount]]) -> 675.54 | K28: David Anderson | L28: =SUMIF($B$2:$B$201,K28,$E$2:$E$201) -> 5465.71 | M28: =_xlfn.RANK.EQ(L28,$L$2:$L$28) -> 19
A29: CUST007 | B29: Robert Anderson | C29: Central | D29: Books | E29: 939.09 | F29: 2 | G29: 0.05 | H29: 45422 | I29: =Table2[[#This Row],[Sales]]*(1-Table2[[#This Row],[Discount]]) -> 892.1355
A30: CUST028 | B30: Linda Taylor | C30: East | D30: Office Supplies | E30: 983.34 | F30: 19 | G30: 0.1 | H30: 45426 | I30: =Table2[[#This Row],[Sales]]*(1-Table2[[#This Row],[Discount]]) -> 885.006
A31: CUST028 | B31: James Wilson | C31: South | D31: Electronics | E31: 801.21 | F31: 3 | G31: 0.2 | H31: 45426 | I31: =Table2[[#This Row],[Sales]]*(1-Table2[[#This Row],[Discount]]) -> 640.968
A32: CUST025 | B32: David Brown | C32: North | D32: Electronics | E32: 1450.71 | F32: 5 | G32: 0.1 | H32: 45427 | I32: =Table2[[#This Row],[Sales]]*(1-Table2[[#This Row],[Discount]]) -> 1305.639
A33: CUST022 | B33: David Davis | C33: Central | D33: Books | E33: 1023.21 | F33: 18 | G33: 0.05 | H33: 45428 | I33: =Table2[[#This Row],[Sales]]*(1-Table2[[#This Row],[Discount]]) -> 972.0495
A34: CUST001 | B34: Mary Jackson | C34: West | D34: Furniture | E34: 853.72 | F34: 5 | G34: 0.15 | H34: 45428 | I34: =Table2[[#This Row],[Sales]]*(1-Table2[[#This Row],[Discount]]) -> 725.662
A35: CUST021 | B35: Sarah Anderson | C35: South | D35: Electronics | E35: 967.89 | F35: 10 | G35: 0.1 | H35: 45429 | I35: =Table2[[#This Row],[Sales]]*(1-Table2[[#This Row],[Discount]]) -> 871.101
A36: CUST015 | B36: Linda Taylor | C36: North | D36: Office Supplies | E36: 1200.9 | F36: 14 | G36: 0.05 | H36: 45429 | I36: =Table2[[#This Row],[Sales]]*(1-Table2[[#This Row],[Discount]]) -> 1140.855
A37: CUST012 | B37: Michael Anderson | C37: West | D37: Books | E37: 472.38 | F37: 12 | G37: 0.2 | H37: 45429 | I37: =Table2[[#This Row],[Sales]]*(1-Table2[[#This Row],[Discount]]) -> 377.904
A38: CUST019 | B38: David Brown | C38: East | D38: Office Supplies | E38: 840.92 | F38: 9 | G38: 0.05 | H38: 45429 | I38: =Table2[[#This Row],[Sales]]*(1-Table2[[#This Row],[Discount]]) -> 798.874
A39: CUST028 | B39: Lisa Davis | C39: Central | D39: Furniture | E39: 1410.06 | F39: 11 | G39: 0.05 | H39: 45434 | I39: =Table2[[#This Row],[Sales]]*(1-Table2[[#This Row],[Discount]]) -> 1339.557
A40: CUST008 | B40: Mary Wilson | C40: Central | D40: Furniture | E40: 773.09 | F40: 13 | G40: 0.15 | H40: 45434 | I40: =Table2[[#This Row],[Sales]]*(1-Table2[[#This Row],[Discount]]) -> 657.1265
... A201: CUST016 | B201: David Thomas | C201: South | D201: Clothing | E201: 928.32 | F201: 2 | G201: 0.05 | H201: 45754 | I201: =Table2[[#This Row],[Sales]]*(1-Table2[[#This Row],[Discount]]) -> 881.904

Sheet Regression
A1: Column1 | B1: Column2 | C1: Column3 | D1: Column4 | E1: Column5 | F1: Column6 | G1: Column7 | H1: Column8 | I1: Column9 | K1: Months | L1: sales | M1: growth | O1: HighValue Customers
A2: SUMMARY OUTPUT | K2: 45383 | L2: =SUMIFS( Dataset!$E$2:$E$201, Dataset!$H$2:$H$201,">="&K2, Dataset!$H$2:$H$201,"<"&EDATE(K2,1)) -> 19029.96 | M2: 0 | O2: =INDEX(Dataset!$K$2:$K$28,MATCH(LARGE(Dataset!$L$2:$L$28,ROWS($M$2:M2)),Dataset!$L$2:$L$28,0)) -> James Wilson
K3: 45413 | L3: =SUMIFS( Dataset!$E$2:$E$201, Dataset!$H$2:$H$201,">="&K3, Dataset!$H$2:$H$201,"<"&EDATE(K3,1)) -> 18507.34 | M3: =(L3-L2)/L2 -> -0.027463011 | O3: =INDEX(Dataset!$K$2:$K$28,MATCH(LARGE(Dataset!$L$2:$L$28,ROWS($M$2:M3)),Dataset!$L$2:$L$28,0)) -> Mary Davis
A4: Regression Statistics | K4: 45444 | L4: =SUMIFS( Dataset!$E$2:$E$201, Dataset!$H$2:$H$201,">="&K4, Dataset!$H$2:$H$201,"<"&EDATE(K4,1)) -> 20187.51 | M4: =(L4-L3)/L3 -> 0.090783981 | O4: =INDEX(Dataset!$K$2:$K$28,MATCH(LARGE(Dataset!$L$2:$L$28,ROWS($M$2:M4)),Dataset!$L$2:$L$28,0)) -> David Brown
A5: Multiple R | B5: 0.96153772 | K5: 45474 | L5: =SUMIFS( Dataset!$E$2:$E$201, Dataset!$H$2:$H$201,">="&K5, Dataset!$H$2:$H$201,"<"&EDATE(K5,1)) -> 11609.04 | M5: =(L5-L4)/L4 -> -0.42493948 | O5: =INDEX(Dataset!$K$2:$K$28,MATCH(LARGE(Dataset!$L$2:$L$28,ROWS($M$2:M5)),Dataset!$L$2:$L$28,0)) -> Emma Davis
A6: R Square | B6: 0.92455478 | K6: 45505 | L6: =SUMIFS( Dataset!$E$2:$E$201, Dataset!$H$2:$H$201,">="&K6, Dataset!$H$2:$H$201,"<"&EDATE(K6,1)) -> 10091.7 | M6: =(L6-L5)/L5 -> -0.13070331
A7: Adjusted R Square | B7: 0.92417374 | K7: 45536 | L7: =SUMIFS( Dataset!$E$2:$E$201, Dataset!$H$2:$H$201,">="&K7, Dataset!$H$2:$H$201,"<"&EDATE(K7,1)) -> 20533.5 | M7: =(L7-L6)/L6 -> 1.0346919
A8: Standard Error | B8: 74.780331 | K8: 45566 | L8: =SUMIFS( Dataset!$E$2:$E$201, Dataset!$H$2:$H$201,">="&K8, Dataset!$H$2:$H$201,"<"&EDATE(K8,1)) -> 14215.24 | M8: =(L8-L7)/L7 -> -0.30770497
A9: Observations | B9: 200 | K9: 45597 | L9: =SUMIFS( Dataset!$E$2:$E$201, Dataset!$H$2:$H$201,">="&K9, Dataset!$H$2:$H$201,"<"&EDATE(K9,1)) -> 20135.03 | M9: =(L9-L8)/L8 -> 0.41643968
K10: 45627 | L10: =SUMIFS( Dataset!$E$2:$E$201, Dataset!$H$2:$H$201,">="&K10, Dataset!$H$2:$H$201,"<"&EDATE(K10,1)) -> 11120.04 | M10: =(L10-L9)/L9 -> -0.44772667
A11: ANOVA | K11: 45658 | L11: =SUMIFS( Dataset!$E$2:$E$201, Dataset!$H$2:$H$201,">="&K11, Dataset!$H$2:$H$201,"<"&EDATE(K11,1)) -> 14914.65 | M11: =(L11-L10)/L10 -> 0.34124068
B12: df | C12: SS | D12: MS | E12: F | F12: Significance F | K12: 45689 | L12: =SUMIFS( Dataset!$E$2:$E$201, Dataset!$H$2:$H$201,">="&K12, Dataset!$H$2:$H$201,"<"&EDATE(K12,1)) -> 14006.36 | M12: =(L12-L11)/L11 -> -0.060899183
A13: Regression | B13: 1 | C13: 13568782 | D13: 13568782 | E13: 2426.4207 | F13: 4.5233259e-113 | K13: 45717 | L13: =SUMIFS( Dataset!$E$2:$E$201, Dataset!$H$2:$H$201,">="&K13, Dataset!$H$2:$H$201,"<"&EDATE(K13,1)) -> 17655.22 | M13: =(L13-L12)/L12 -> 0.26051451
A14: Residual | B14: 198 | C14: 1107235.4 | D14: 5592.0979 | K14: 45748 | L14: =SUMIFS( Dataset!$E$2:$E$201, Dataset!$H$2:$H$201,">="&K14, Dataset!$H$2:$H$201,"<"&EDATE(K14,1)) -> 3212.17 | M14: =(L14-L13)/L13 -> -0.81806117
A15: Total | B15: 199 | C15: 14676017
B17: Coefficients | C17: Standard Error | D17: t Stat | E17: P-value | F17: Lower 95% | G17: Upper 95% | H17: Lower 95.0% | I17: Upper 95.0%
A18: Intercept | B18: 28.068278 | C18: 18.079991 | D18: 1.5524498 | E18: 0.12215155 | F18: -7.5857796 | G18: 63.722336 | H18: -7.5857796 | I18: 63.722336
A19: X Variable 1 | B19: 0.87251973 | C19: 0.017713003 | D19: 49.258712 | E19: 4.5233259e-113 | F19: 0.83758938 | G19: 0.90745008 | H19: 0.83758938 | I19: 0.90745008
